0.43882668,0.4414502,0.392043,0.44147193,0.48729727,0.59403867,0.5841995,0.7638153,0.65459764,0.7294053,0.4898508,0.43863034,0.5367423,0.43536633,0.5507231,0.5865141,0.6909949,0.5935271,0.6522031,0.55476344,0.6269193,0.6295548,0.5840282,0.6028873,0.86101574,0.8037967,0.8785319,0.66218007,0.82539696,0.83963317,0.89980394,0.91777885,0.7691317,0.91202164,0.9009935,0.6940251,0.68520635,0.52016675,0.5551873,0.6243085,0.7846812,0.865661,0.69208,0.5204989,0.48850384,0.5313763,0.42336598,0.5710986,0.56068283,0.42624018,0.6161788,0.5066773,0.5460866,0.6945011,0.55275327,0.4132933,0.43953228,0.4689536,0.3483125,0.6108001,0.41149858,0.43553996,0.4033112,0.50506926,0.29549637
0.3924404,0.3233486,0.3271411,0.30450612,0.4429763,0.43043253,0.7240725,0.6604418,0.7613811,0.717511,0.6064309,0.69032454,0.73293376,0.6281199,0.567954,0.6821237,0.76764345,0.7100254,0.54632175,0.64632183,0.69431543,0.46961483,0.6506155,0.58259517,0.6011922,0.67611533,0.79518807,0.69838315,0.69448537,0.9441279,0.99874395,0.8440419,0.9496421,0.96780646,0.7844203,0.888123,0.7903187,0.55535644,0.4992452,0.5843734,0.57320005,0.74813694,0.5409119,0.5191522,0.3899813,0.4428579,0.3056463,0.5303641,0.6567992,0.5246855,0.45384783,0.68856436,0.6620904,0.65201116,0.65763557,0.4282627,0.45673573,0.52076924,0.38197172,0.5984795,0.5631748,0.385566,0.36159673,0.39705333,0.25133094
0.3048825,0.3503802,0.4893525,0.3539925,0.3586352,0.34620097,0.6100198,0.5144605,0.52107495,0.8051725,0.68902916,0.6048115,0.6815911,0.7654855,0.71010137,0.60160416,0.6060306,0.60153806,0.5540924,0.42232668,0.554583,0.4100019,0.56302583,0.58493394,0.75978875,0.5547437,0.80245864,0.81875366,0.6682,0.69527644,0.87717366,0.9636702,0.97126836,0.83976465,0.8552755,0.8198112,0.70621216,0.74682504,0.5434147,0.44444594,0.55096114,0.6762863,0.58809936,0.53699476,0.36180344,0.4472452,0.40661636,0.36054724,0.58295166,0.5667907,0.39481017,0.68963635,0.5745474,0.48868406,0.46032625,0.45825437,0.67017543,0.68733066,0.63260335,0.6990943,0.58339113,0.3978392,0.34610003,0.36989182,0.28623298
0.3526556,0.5086202,0.5050754,0.3279594,0.4402093,0.5251086,0.5113588,0.57711405,0.6619239,0.6994274,0.50264245,0.61185604,0.5478698,0.7038862,0.6770992,0.60177374,0.612927,0.64702225,0.5869321,0.47540244,0.6244799,0.5603439,0.7142885,0.6329348,0.5232795,0.58236486,0.59456575,0.6232594,0.5869749,0.8311557,0.9782998,0.90984374,0.8390737,0.88607985,0.7746685,0.86178434,0.8631121,0.63363975,0.643831,0.6041636,0.69289833,0.59201205,0.58131707,0.54583687,0.43468776,0.5978185,0.5432925,0.38567713,0.4129958,0.385139,0.4769246,0.5977448,0.6945592,0.5061452,0.50876915,0.4028984,0.46105143,0.52344126,0.42492753,0.5112848,0.48708633,0.5256815,0.29801437,0.37415102,0.31667918
0.44481406,0.63352436,0.5593222,0.6367274,0.47581038,0.5135947,0.6940037,0.5358496,0.6258059,0.611018,0.6079893,0.5451661,0.6402601,0.70759016,0.81552225,0.7700044,0.74660987,0.65981275,0.6105896,0.62830216,0.7387538,0.7194864,0.538996,0.6002916,0.59797424,0.6811248,0.53058517,0.6324907,0.6769058,0.60800374,0.77803457,0.724116,0.8538356,0.89711446,0.7796827,0.8719242,0.6201631,0.6456422,0.5806227,0.6219834,0.62449706,0.6306454,0.6854945,0.67778593,0.49892098,0.45867932,0.540664,0.6131327,0.5303543,0.55650026,0.51479536,0.47352538,0.5238297,0.6325888,0.467119,0.60084397,0.58663094,0.45781493,0.5305054,0.44369748,0.48249188,0.35964808,0.34874448,0.23547633,0.21449485
0.33848235,0.54253274,0.42688343,0.55303884,0.38010386,0.5035874,0.68823063,0.64397883,0.515442,0.6621101,0.65444696,0.71460164,0.68706375,0.7371561,0.72943676,0.7873437,0.8099976,0.5842227,0.64362675,0.87929314,0.6548152,0.769807,0.6295851,0.6239641,0.6207796,0.5283284,0.56513995,0.65231246,0.78952736,0.5814394,0.8172279,0.69895834,0.9212832,0.8619952,0.96377444,0.77083695,0.5790145,0.6622242,0.5897254,0.6329102,0.7032189,0.7326494,0.5536723,0.67251074,0.68424046,0.5748416,0.5776209,0.53272176,0.48077428,0.3552605,0.5134442,0.56071883,0.55716455,0.56139547,0.679665,0.6415587,0.5678817,0.31074458,0.27487555,0.43010345,0.573915,0.4967049,0.43220574,0.24442439,0.27640435
0.43880627,0.60545135,0.50371474,0.5982107,0.49927402,0.69205236,0.5094287,0.5040063,0.570002,0.74223375,0.5745334,0.6110905,0.8200145,0.9220898,0.7583345,0.6141037,0.71154106,0.6502451,0.75928485,0.83048093,0.7889961,0.69256216,0.71637654,0.7417087,0.6395838,0.6449351,0.5299171,0.5273908,0.642382,0.6266751,0.8407872,0.757859,0.7266273,0.88897794,0.86102176,0.9942735,0.86570174,0.62097675,0.6498614,0.5464167,0.72560984,0.56431574,0.69818425,0.66100687,0.40028098,0.4807875,0.40754884,0.35760057,0.35707566,0.33742556,0.3876967,0.7109828,0.6641651,0.53895783,0.544851,0.55355614,0.4336891,0.2296592,0.32246214,0.5338619,0.46046826,0.3156219,0.396055,0.26337272,0.47086906
0.64652795,0.48087496,0.585452,0.60032976,0.67215836,0.61836535,0.6613534,0.6093472,0.6928729,0.75558597,0.5765352,0.7655848,0.7642289,0.8070919,0.77615404,0.749237,0.6949253,0.8706786,0.8956045,0.7813759,0.732192,0.7686464,0.85960066,0.5801122,0.65086925,0.51143646,0.56752145,0.63407093,0.5823598,0.5658283,0.6361924,0.87272096,0.8774289,0.80315185,0.77189237,1.0,0.7905569,0.8957482,0.7801343,0.5340618,0.5436556,0.55324113,0.4083371,0.48818314,0.4081148,0.5828698,0.5369429,0.35290325,0.24254991,0.24559163,0.3305263,0.6410587,0.5527994,0.5980309,0.5275236,0.32823527,0.4863114,0.35131055,0.39851686,0.37507176,0.38275918,0.47478732,0.3660243,0.23998411,0.46594048
0.5845187,0.68048024,0.66736084,0.39999944,0.4596485,0.7895128,0.7027857,0.8416416,0.6550007,0.74840945,0.6955386,0.7971378,0.762216,0.77195853,0.7764997,0.9193976,0.69409746,0.872825,0.9148322,0.7280152,0.88030624,0.8700591,0.8074183,0.7724878,0.74118185,0.57857764,0.46196416,0.5204415,0.5682311,0.70977473,0.5835705,0.85538465,0.7613864,0.81934434,0.91698384,0.87995,0.7437062,0.8159914,0.74395895,0.60017115,0.5351345,0.69931483,0.48933452,0.47577947,0.5617682,0.5095405,0.338601,0.46775475,0.39834544,0.19912027,0.3301102,0.6381436,0.5852038,0.48748165,0.5783005,0.27587542,0.38307393,0.30732298,0.484506,0.5763946,0.31240442,0.34165815,0.26491797,0.3167129,0.33742303
0.7394502,0.5621199,0.5651194,0.42517322,0.6107205,0.7466433,0.67006046,0.8689282,0.94247895,0.78456736,0.89311963,0.7251729,0.5788169,0.57412523,0.76871353,0.82773757,0.7417384,0.7895542,0.7552397,0.89504945,0.8364428,0.9557515,0.7919733,0.6596909,0.6146176,0.5331239,0.5252558,0.5475891,0.63895035,0.65767044,0.534451,0.7699936,0.8461236,0.82437104,0.8261391,0.76221555,0.7970936,0.6265483,0.72620934,0.57738626,0.7269591,0.67568684,0.69271785,0.5625231,0.5539006,0.46178955,0.33399627,0.45539877,0.33721894,0.36119407,0.48167384,0.5355241,0.57324165,0.3019126,0.33358228,0.34983057,0.4736897,0.49367827,0.33096716,0.51331955,0.35762838,0.354573,0.43170568,0.3785684,0.43350095
0.63372356,0.5769678,0.52685505,0.558044,0.61207026,0.73962,0.66782606,0.7006471,0.8273808,0.67514235,0.811384,0.68694276,0.65407073,0.63299483,0.66475683,0.7607113,0.7310211,0.7550712,0.7423371,0.8059001,0.91462904,0.95385677,0.8808517,0.8948507,0.793624,0.5214083,0.46900398,0.7445141,0.6694735,0.7047452,0.5624652,0.6562095,0.7089508,0.8404368,0.6785846,0.6050127,0.6586579,0.6643008,0.6817426,0.6877337,0.73355067,0.7001364,0.65864086,0.43591055,0.55236214,0.42879024,0.5753182,0.5270353,0.4807926,0.5016079,0.5000421,0.40241855,0.36178026,0.43706375,0.25093183,0.3452588,0.39165393,0.38802835,0.37863684,0.48521563,0.27316123,0.4075126,0.33955,0.28783196,0.21965803
0.48917648,0.59352195,0.69951564,0.7624435,0.7391006,0.5410169,0.66849124,0.79035985,0.689968,0.5852393,0.55194724,0.78367263,0.7140176,0.5926912,0.5098474,0.5746782,0.8032919,0.71702915,0.70221263,0.7432311,0.9512538,0.84593993,0.7668444,0.7616305,0.66671443,0.6979579,0.7186407,0.76139885,0.6605818,0.72958523,0.79506636,0.8092904,0.750941,0.7067351,0.5318433,0.6348955,0.62309575,0.6211363,0.6253953,0.7422644,0.7696323,0.59972984,0.5950006,0.5840037,0.4043871,0.41505197,0.36245626,0.5310417,0.5198813,0.28364706,0.27431548,0.5330449,0.47095582,0.49046206,0.18263169,0.2177312,0.15598008,0.330228,0.47874272,0.44784227,0.18802747,0.21350017,0.16181093,0.16187078,0.32892704
0.61160314,0.49010697,0.72631806,0.73351324,0.5680166,0.54676414,0.5178564,0.6160524,0.6446899,0.63542986,0.62833446,0.64122695,0.75032514,0.5374696,0.60913956,0.49266502,0.6312479,0.49823698,0.65653795,0.59531105,0.75748986,0.5784843,0.6856335,0.54780024,0.539488,0.6512663,0.6573909,0.652703,0.66384727,0.5698194,0.77334785,0.80660063,0.6166988,0.5641184,0.48346195,0.5012488,0.5413641,0.6563179,0.5519135,0.5298744,0.49670234,0.54083407,0.6186317,0.44063017,0.4244898,0.38742527,0.4586413,0.43162367,0.37580973,0.35854498,0.34276125,0.35489967,0.44768074,0.59881675,0.38492358,0.24247281,0.2232854,0.15929298,0.3517956,0.35798267,0.2846546,0.15636678,0.21477072,0.29859427,0.20472778
0.56310815,0.66536796,0.67440623,0.6481361,0.7062855,0.57876116,0.53168243,0.4525742,0.44515127,0.74999154,0.588034,0.71254736,0.64620686,0.7657041,0.54791623,0.4456376,0.5106583,0.5457504,0.78347415,0.58812237,0.60386074,0.52911943,0.78353375,0.6912433,0.6791842,0.62755257,0.5102999,0.6572754,0.6405579,0.6744539,0.8177352,0.55440116,0.638233,0.7395474,0.5307037,0.57596844,0.49751505,0.6317951,0.4500618,0.5465477,0.51612335,0.5899655,0.55317545,0.6309935,0.63713604,0.43483776,0.5037434,0.42957255,0.3632258,0.3782044,0.50481075,0.37062526,0.45754737,0.62505287,0.5929655,0.36682215,0.40501708,0.2278183,0.21426994,0.12559561,0.26316103,0.08805104,0.120526165,0.16113852,0.20730014
0.67158765,0.5489636,0.68399626,0.60370064,0.58424735,0.46920925,0.5994594,0.6250795,0.5693913,0.7468363,0.80326486,0.57417715,0.66771156,0.6277288,0.6026237,0.45926863,0.54329425,0.5672749,0.7734118,0.5969072,0.6528417,0.46607748,0.64416224,0.8120443,0.63375545,0.50878006,0.559683,0.7223379,0.6375889,0.73479575,0.7050155,0.6925976,0.6354318,0.680674,0.61612654,0.6667339,0.6775557,0.5206346,0.58516204,0.51512504,0.47270712,0.6183441,0.47504976,0.6140821,0.59097725,0.40524393,0.5496202,0.62122315,0.37438643,0.54265,0.46779063,0.6409043,0.58422863,0.6621898,0.4743071,0.34623408,0.2889853,0.15812057,0.15244311,0.075598836,0.25029883,0.2168482,0.18280266,0.23002222,0.12796375
0.47660747,0.63811696,0.81554085,0.6541555,0.6785521,0.4920606,0.41050157,0.50811875,0.5420726,0.72520804,0.709406,0.66241676,0.58079255,0.63287383,0.63688254,0.6321118,0.7681503,0.8227233,0.82760024,0.898281,0.61169255,0.57046807,0.67581356,0.7370639,0.5437562,0.5932815,0.52590555,0.7212747,0.80408853,0.88274705,0.76735723,0.65287626,0.6008432,0.52062434,0.6104142,0.50193477,0.6403043,0.7093615,0.46937937,0.4984353,0.5517072,0.63885456,0.692174,0.4704423,0.60945266,0.384079,0.42807096,0.5270832,0.41910738,0.36865503,0.5564752,0.59478694,0.6515781,0.63091105,0.4628741,0.32759964,0.24347204,0.22604528,0.06768064,0.10166331,0.2242451,0.15088597,0.21714991,0.43258822,0.45664412
0.565823,0.431333,0.6575173,0.67389417,0.43517247,0.5873747,0.41146842,0.39808187,0.5357049,0.7227843,0.62814564,0.547609,0.818345,0.5752013,0.5586651,0.5738816,0.67109054,0.8229801,0.82793885,0.6818499,0.7530369,0.652089,0.6632035,0.5719588,0.6166261,0.5171346,0.58914304,0.583361,0.81409717,0.7297999,0.87542284,0.77789044,0.7269154,0.46610978,0.5419374,0.6365073,0.5708016,0.65052086,0.40602982,0.60674936,0.56793255,0.5034034,0.5792662,0.5839001,0.3866395,0.45892853,0.40582862,0.5101888,0.49283114,0.5112356,0.5228141,0.4849606,0.5026407,0.5339307,0.37335697,0.43655056,0.32017934,0.23006463,0.329453,0.24064296,0.26320684,0.2534426,0.44583455,0.53274435,0.36531344
0.66877294,0.46109572,0.6325291,0.3888139,0.5738516,0.3796656,0.5465932,0.6810944,0.764089,0.5536572,0.6296618,0.5869636,0.82003814,0.6708037,0.58225375,0.7394154,0.81815964,0.63743055,0.6788512,0.7880547,0.9152477,0.6991953,0.7582271,0.7464722,0.5286151,0.6476539,0.6120498,0.6390964,0.70445526,0.7716083,0.83778876,0.78139263,0.7259678,0.59430456,0.53269464,0.5459978,0.48277736,0.4746203,0.31766936,0.59356576,0.6995409,0.70419997,0.63302076,0.48577467,0.46924767,0.32012612,0.5011673,0.48510587,0.6103265,0.5347458,0.41477174,0.48183677,0.3665298,0.404097,0.4165958,0.55101204,0.5101419,0.5174499,0.3502118,0.41429916,0.24645981,0.4769441,0.3648092,0.48285145,0.4041498
0.6157147,0.37224126,0.47742918,0.56020814,0.45399234,0.619879,0.6293426,0.7635885,0.7719732,0.6292605,0.7292652,0.6337004,0.74218905,0.8990329,0.78098196,0.6598558,0.7985234,0.75514126,0.7556241,0.8136015,0.8406038,0.59624773,0.7447601,0.82376635,0.70492154,0.8295601,0.884943,0.6770874,0.8536587,0.6149309,0.7692101,0.8986847,0.7642849,0.50042945,0.6356769,0.6495987,0.4593102,0.29168624,0.40334183,0.4120328,0.6853575,0.49325877,0.5870762,0.56210595,0.5387701,0.2599462,0.33106005,0.20686473,0.30722025,0.5308944,0.5144859,0.5237927,0.368429,0.34932792,0.31368673,0.571507,0.5847865,0.6798627,0.5004712,0.59523875,0.42040637,0.5313527,0.5540036,0.45613363,0.47536823
0.39833203,0.5413612,0.38557634,0.51116765,0.5784848,0.5304129,0.52543885,0.45615533,0.65208966,0.63810575,0.5130811,0.557872,0.736801,0.8609002,0.72750527,0.83633983,0.8156471,0.756948,0.697961,0.88184744,0.62690634,0.67873144,0.7775001,0.6459425,0.84040344,0.9036569,0.91666883,0.7282867,0.79136693,0.61440086,0.7096658,0.70629287,0.6403502,0.54457945,0.6633214,0.64916855,0.64022714,0.46672857,0.5843914,0.5180686,0.5264579,0.5662262,0.36260474,0.38072705,0.5970721,0.45239207,0.4376056,0.334653,0.4339163,0.5127107,0.5851633,0.29629904,0.37738517,0.30911732,0.46823308,0.64331126,0.7982068,0.73753923,0.5522831,0.4608854,0.37599307,0.5291305,0.40807086,0.6062792,0.5081935
0.35767722,0.32612568,0.31552878,0.5057699,0.4606658,0.33207127,0.39030778,0.4765316,0.5934315,0.7580734,0.62866884,0.6860728,0.74279004,0.6488322,0.7408889,0.8697385,0.56295264,0.8140611,0.76596963,0.67910963,0.6946215,0.5866785,0.77685857,0.7425481,0.8312102,0.9208922,0.8932948,0.77525854,0.71647346,0.85279554,0.64999586,0.6680535,0.6668516,0.7381025,0.73977745,0.62091935,0.50899994,0.6251286,0.63494104,0.60939175,0.59959215,0.49657845,0.42190024,0.27096945,0.46004453,0.24992004,0.25791806,0.41268635,0.37262332,0.3210878,0.39459804,0.22396524,0.40967038,0.5610065,0.62530303,0.6842093,0.6058855,0.71839136,0.7108939,0.78280985,0.6127353,0.4679812,0.49644202,0.73804873,0.66489005
0.46805343,0.5302529,0.58371556,0.5614196,0.6458502,0.50668496,0.32754445,0.47710267,0.6302619,0.74039066,0.7485439,0.6759565,0.6185805,0.80211,0.8128151,0.73138696,0.7140619,0.8304899,0.78969043,0.6827162,0.679241,0.71738225,0.7727829,0.711233,0.78360003,0.96357936,0.98645437,0.84415245,0.96087277,0.84011275,0.6690861,0.6672608,0.7019376,0.48117536,0.5906758,0.49246478,0.59366053,0.6709284,0.5305209,0.6948082,0.6203597,0.47441018,0.43356022,0.30428126,0.30010334,0.3156189,0.43577328,0.29672825,0.41907957,0.41940552,0.29572737,0.4240624,0.31103683,0.44025403,0.7163031,0.64302033,0.4573818,0.5120635,0.73574114,0.8338063,0.7865952,0.6240246,0.4928002,0.6189679,0.6933804
0.29556876,0.43435088,0.5203049,0.62473494,0.5365493,0.5432968,0.30769908,0.5078333,0.42608595,0.724402,0.6779179,0.8497736,0.7815126,0.90138185,0.69930536,0.80961293,0.6856741,0.6492017,0.7182431,0.5855951,0.8039946,0.77574265,0.77259713,0.759807,0.7635929,0.8263191,0.8581176,0.9347246,0.93426234,0.66282773,0.7591139,0.62310284,0.5383445,0.647837,0.5429638,0.6070061,0.5466015,0.5927915,0.55286354,0.6572437,0.69791496,0.5899872,0.4368062,0.5142441,0.5097711,0.3289436,0.29968193,0.32686737,0.50752884,0.5318031,0.40012753,0.5711157,0.5648084,0.5285701,0.56990695,0.5476338,0.65619457,0.69833046,0.6761558,0.7725288,0.7567569,0.75354016,0.5574735,0.6606076,0.5421077
0.5658688,0.52548033,0.49807113,0.2959029,0.29472706,0.48586807,0.5236655,0.45513216,0.43132362,0.46303675,0.6748424,0.8147934,0.6887837,0.7163644,0.7074589,0.61751276,0.6282741,0.7500625,0.7951857,0.68849546,0.73218834,0.7482871,0.8552536,0.68467456,0.7734088,0.6552986,0.79906386,0.7465764,0.7177827,0.7095997,0.635975,0.5233891,0.599043,0.47854516,0.4998573,0.49808246,0.6423099,0.6604707,0.5408139,0.67249966,0.64412564,0.47637862,0.36835894,0.59528667,0.5722828,0.29258606,0.309651,0.3834649,0.42872155,0.43518633,0.44044158,0.51391906,0.55967635,0.6140927,0.4515773,0.5477721,0.52925676,0.76144767,0.89296997,0.7909755,0.55302745,0.518067,0.5684461,0.63692844,0.6666409
0.4497049,0.3225789,0.36577845,0.24050437,0.3524936,0.5075529,0.5437645,0.524546,0.43763423,0.5757061,0.4536087,0.59344256,0.7242412,0.681216,0.60382587,0.6541783,0.71200585,0.7803584,0.6380488,0.76741105,0.79331625,0.8410866,0.64740187,0.81685394,0.7789649,0.61025196,0.74750406,0.6495999,0.7919178,0.7491236,0.74853206,0.5811384,0.67485434,0.518091,0.5926823,0.6674262,0.6800726,0.7652803,0.6214816,0.58199674,0.6071619,0.35038543,0.40229622,0.35583606,0.4982098,0.3842938,0.3576214,0.5586358,0.45928374,0.55436826,0.66728264,0.6615007,0.6050647,0.55010045,0.47703436,0.49547967,0.54788136,0.54204714,0.74257994,0.7627384,0.5551543,0.4882925,0.49050876,0.5780413,0.5971109
0.2732233,0.27152863,0.393164,0.37211236,0.26653996,0.5304051,0.46548352,0.6271248,0.60871035,0.5637785,0.37544802,0.50068915,0.40798637,0.5855639,0.54182994,0.54092515,0.56285477,0.7190652,0.6635951,0.90127134,0.6722872,0.6965603,0.7673063,0.7479509,0.63976014,0.8472069,0.5408178,0.58048373,0.78775865,0.7802471,0.81504834,0.6630755,0.7355616,0.73126334,0.45862815,0.51642823,0.47036043,0.5393631,0.7317122,0.7277771,0.6445132,0.4410378,0.4953053,0.49005413,0.57450914,0.44044197,0.5915293,0.46661377,0.6841704,0.69119215,0.615361,0.57772243,0.52054626,0.71316344,0.6905787,0.67969894,0.45513886,0.72553533,0.74434847,0.7267072,0.6046248,0.63811713,0.48798484,0.6427266,0.60587025
0.27953544,0.40256205,0.38009277,0.3691462,0.36411124,0.53441805,0.5237621,0.6280681,0.567378,0.31238443,0.4213516,0.39174008,0.45329946,0.45046532,0.5093061,0.48411673,0.6730977,0.7831796,0.8387279,0.88294566,0.86236393,0.77729785,0.7596274,0.82101244,0.7396608,0.56980705,0.5733108,0.5768925,0.57007307,0.60619557,0.5980306,0.68375343,0.5063806,0.46712083,0.53501403,0.58516496,0.6989099,0.488581,0.6058736,0.727911,0.6345984,0.51957333,0.6025122,0.46467522,0.62720704,0.66225564,0.7171517,0.6585786,0.6619638,0.7639152,0.6664538,0.5667886,0.49124512,0.50191283,0.66929734,0.5669554,0.44741386,0.73671585,0.5850762,0.6274822,0.5309415,0.65634114,0.64207965,0.6047396,0.68101966
0.3111118,0.3662675,0.37450334,0.48475963,0.45813674,0.2868015,0.46451026,0.54163307,0.42088464,0.3104822,0.33390415,0.30858135,0.38608578,0.37172663,0.5972146,0.4959273,0.62133086,0.6991358,0.91391796,0.7895031,0.8929162,0.7519725,0.792797,0.9113242,0.67165864,0.6115884,0.55098957,0.6315035,0.5223216,0.52277726,0.4718561,0.6743921,0.68159205,0.6593443,0.6190723,0.4982928,0.73032266,0.5947805,0.5299714,0.51626134,0.614914,0.6238132,0.6792433,0.76940984,0.6702012,0.60764533,0.72168535,0.81081235,0.759487,0.76375234,0.7868395,0.6521416,0.46616685,0.5533275,0.76695484,0.6127401,0.48498446,0.7029873,0.68811274,0.59609854,0.65414274,0.68933654,0.6324999,0.53632826,0.544006
0.43521315,0.5632414,0.48629758,0.30631042,0.3439428,0.2806121,0.27943802,0.56281847,0.5022807,0.3816236,0.3632807,0.37359735,0.42543048,0.62372875,0.6692522,0.50749284,0.7179995,0.68243587,0.8794703,0.6743527,0.75483567,0.67698884,0.8702448,0.96660405,0.661071,0.7058947,0.6646577,0.5364185,0.6436895,0.584298,0.6579936,0.55463415,0.51450384,0.5823743,0.4800308,0.54004925,0.58587307,0.60771537,0.6656072,0.44821012,0.5846035,0.5642908,0.5721406,0.47718596,0.66153145,0.8411915,0.739862,0.6002087,0.68266493,0.73845696,0.64646953,0.59617466,0.6193273,0.6773715,0.62142825,0.5611486,0.5713044,0.6867397,0.6287363,0.51446956,0.44286266,0.49566847,0.58834267,0.67967236,0.70612156
0.31883368,0.48068273,0.4072089,0.3541311,0.48730227,0.2749836,0.19212574,0.49719396,0.3815189,0.32444224,0.46095982,0.5967163,0.54422385,0.63979906,0.74198806,0.7641388,0.7267626,0.6241442,0.7306688,0.7927392,0.7592306,0.8789848,0.7804143,0.83638203,0.78744775,0.54075104,0.58485824,0.5732612,0.582789,0.5541574,0.64571404,0.4881859,0.6367403,0.44411707,0.4453654,0.4918024,0.5342712,0.610374,0.48238164,0.4908799,0.5212825,0.5499113,0.7154701,0.51393247,0.5141706,0.7576793,0.707918,0.6541915,0.572798,0.7310965,0.6472201,0.45401543,0.4125477,0.54412293,0.61388427,0.41655457,0.43613908,0.71079296,0.5654808,0.46272674,0.5348832,0.47697756,0.50250924,0.7010279,0.74171364
0.49654517,0.40935868,0.40069568,0.53516126,0.40058154,0.2837287,0.30463606,0.42658195,0.37248653,0.44463173,0.5775294,0.5497922,0.50814044,0.8132127,0.70747495,0.78594726,0.55078524,0.6038766,0.6530488,0.76818466,0.70165384,0.9171957,0.75603515,0.81260383,0.7805393,0.67434317,0.6022578,0.72545105,0.55469626,0.46919483,0.6481121,0.5364336,0.68564296,0.68530774,0.46397483,0.40324566,0.6226717,0.6165645,0.5115299,0.4610681,0.5071889,0.75430095,0.7194183,0.71910006,0.5915859,0.5633624,0.4607954,0.6462041,0.6594472,0.44682354,0.44366795,0.6522354,0.6593173,0.55422527,0.57685006,0.4161492,0.46737307,0.5954993,0.53934246,0.48401734,0.3756615,0.5540751,0.6184248,0.7051937,0.60544384
0.55312204,0.31918427,0.5568171,0.3523183,0.32364038,0.4575016,0.42547348,0.31026852,0.36199573,0.41073924,0.34531674,0.41103774,0.5798683,0.76813906,0.5513524,0.54038996,0.45606822,0.5984466,0.5743009,0.8024763,0.6843682,0.7806308,0.56883276,0.68728775,0.4479363,0.45099956,0.38376212,0.60043806,0.5414849,0.43155304,0.6959136,0.6336312,0.73389244,0.6888502,0.43056422,0.4409171,0.6188553,0.61392313,0.6244753,0.39698997,0.6148939,0.69789976,0.7971512,0.56077087,0.52077514,0.40246028,0.65265656,0.58113843,0.71417207,0.48358473,0.5470726,0.48130617,0.43850806,0.6965669,0.75391597,0.6201529,0.46789622,0.47516516,0.4952636,0.46401256,0.45314768,0.6599832,0.76906717,0.71157855,0.668409
0.46006855,0.28944138,0.5185306,0.45729932,0.43685973,0.4342719,0.3477235,0.3627797,0.45917806,0.38419962,0.50862014,0.41354388,0.53756523,0.5989472,0.6873857,0.5993282,0.5523856,0.734411,0.6693599,0.7026249,0.6917459,0.8477035,0.6471033,0.7858093,0.48682958,0.4305828,0.32300052,0.44641146,0.45090404,0.5732017,0.66560674,0.59738964,0.60691744,0.71656877,0.45683667,0.46677002,0.5632363,0.5474743,0.52031684,0.5283814,0.66891396,0.56393045,0.68062335,0.7089639,0.48182327,0.54267067,0.5989046,0.49786553,0.5484667,0.5915937,0.44861862,0.5840013,0.5513415,0.6306099,0.5353967,0.5195252,0.50752336,0.53433007,0.64443296,0.62810206,0.50856906,0.65887284,0.6315893,0.5117744,0.6834067
0.55565965,0.46067485,0.37624997,0.57412827,0.48895255,0.5290701,0.5776693,0.47929707,0.34201607,0.41374555,0.48673335,0.59228754,0.63051194,0.46475193,0.73765063,0.5583564,0.7429482,0.71507984,0.83334434,0.69222295,0.6920456,0.6899898,0.77976525,0.73344105,0.5039105,0.32375836,0.33306488,0.26008603,0.5067255,0.44925758,0.6159285,0.54742587,0.4564935,0.48451844,0.5709609,0.58707136,0.4920914,0.5990394,0.44182757,0.611546,0.74329686,0.69557744,0.5411191,0.5073571,0.4310593,0.6741885,0.44505706,0.55455434,0.6026273,0.5713209,0.5421381,0.3946161,0.44943088,0.6301235,0.7548912,0.6081156,0.5373303,0.36632457,0.60038835,0.3916031,0.40879056,0.41371682,0.43318784,0.6294264,0.58208025
0.40725264,0.60660946,0.56143975,0.5203809,0.5408065,0.37695432,0.34676644,0.36366323,0.47056535,0.35070795,0.35548213,0.34526587,0.45135078,0.39003474,0.65847915,0.58009243,0.757493,0.7398276,0.79784447,0.65222543,0.683737,0.80019546,0.77822775,0.72879815,0.694993,0.5698491,0.3725271,0.2718948,0.4822183,0.71671826,0.6740687,0.5765055,0.546596,0.41101453,0.47707123,0.46165165,0.3493927,0.47265962,0.5421996,0.45324302,0.5425598,0.7165293,0.5218743,0.6873045,0.689342,0.4882917,0.52500045,0.46766374,0.48231825,0.5890102,0.40688863,0.2611961,0.41562456,0.6186385,0.63709784,0.564796,0.54117054,0.4033675,0.40605858,0.46873206,0.37829313,0.560136,0.50781393,0.740099,0.6196199
0.42702743,0.4610905,0.49194616,0.5038213,0.46290982,0.5082406,0.539471,0.43253335,0.52522177,0.54997045,0.6076806,0.44068044,0.5836373,0.43037462,0.63643056,0.8529297,0.7012884,0.92104435,0.8144935,0.5842691,0.74277765,0.66633886,0.5643582,0.57192683,0.5416367,0.69492847,0.3617986,0.5167114,0.6027891,0.70826876,0.50112015,0.48261696,0.5482349,0.49717146,0.5141464,0.49932626,0.39029536,0.46720707,0.7082176,0.6473706,0.72128105,0.70740885,0.664409,0.5916444,0.52013916,0.5592027,0.65336406,0.37373924,0.4897907,0.47689342,0.32109144,0.31510663,0.32283974,0.5915769,0.58024603,0.397107,0.44484144,0.5480161,0.5618031,0.4715231,0.54448545,0.5154319,0.41185948,0.6781516,0.56645274
0.6532108,0.5032124,0.4382233,0.3726276,0.4726935,0.37855104,0.500741,0.6037769,0.48383752,0.46723393,0.52117866,0.4257071,0.55615956,0.5257926,0.6365673,0.83401614,0.748186,0.66646737,0.769042,0.70620525,0.6634882,0.6352364,0.5832264,0.4649795,0.63935786,0.72076863,0.44913247,0.48098126,0.53378284,0.5273799,0.6205817,0.49174872,0.61414546,0.32110766,0.46465784,0.46067268,0.38327324,0.3717119,0.56460065,0.5254386,0.5498345,0.5500168,0.7167918,0.70109946,0.6636311,0.6418971,0.6620423,0.40587807,0.4091705,0.35999322,0.3910905,0.3900479,0.4377676,0.5097835,0.5376798,0.68597287,0.5003037,0.46630046,0.6325132,0.43612942,0.5580841,0.41448215,0.49503642,0.4285229,0.6459905
0.5290452,0.57235175,0.38090405,0.5841506,0.3562196,0.49839768,0.6132886,0.3754885,0.6115218,0.45571208,0.35914955,0.5986683,0.4183534,0.44973105,0.7110302,0.70835304,0.7070272,0.71040773,0.7992132,0.67821825,0.71451813,0.6735398,0.61606055,0.6203516,0.45651814,0.4660166,0.3718864,0.4405306,0.52829605,0.45916826,0.5401095,0.6433788,0.32245588,0.31175184,0.39966053,0.38662234,0.4513245,0.45212102,0.52825916,0.57581687,0.7051686,0.59214956,0.61026627,0.77574146,0.7136025,0.4425073,0.48115107,0.5238205,0.6260964,0.54901475,0.44108844,0.61315894,0.5741725,0.66599846,0.4707299,0.6872151,0.52361697,0.52523553,0.39052993,0.40429318,0.39431652,0.65190667,0.41067865,0.47977626,0.46938315
0.619681,0.59446734,0.41683456,0.64205307,0.40030384,0.6633417,0.5445359,0.5610463,0.598814,0.3555816,0.47746816,0.65255845,0.64471155,0.4110167,0.5436993,0.7269188,0.6460812,0.63483363,0.4645012,0.66494143,0.49513227,0.592249,0.6344969,0.54517066,0.3998178,0.5619623,0.39590973,0.52168137,0.61222184,0.44219702,0.5686767,0.5129474,0.35741067,0.46392024,0.35978326,0.30273035,0.51470006,0.66054076,0.5850397,0.65865546,0.5795178,0.5214801,0.5257529,0.7364092,0.63057184,0.43990827,0.44145137,0.3694173,0.560237,0.51655984,0.38175514,0.6275853,0.6271045,0.48173818,0.5993124,0.6196819,0.64172673,0.58637226,0.592299,0.67073506,0.4505771,0.44746375,0.46654776,0.5566769,0.431518
0.50917643,0.53026617,0.40517703,0.5967604,0.51794505,0.6354317,0.7035296,0.44369838,0.66058797,0.4144637,0.31752273,0.45490617,0.73055106,0.64236754,0.41429928,0.4677811,0.5943066,0.400182,0.5163101,0.5517108,0.46456653,0.5146187,0.6861958,0.46212125,0.53513956,0.3812593,0.38926876,0.30677503,0.5819908,0.5016951,0.5614131,0.49121878,0.54156244,0.34033093,0.41381374,0.53859365,0.44765127,0.53540564,0.38074502,0.5822944,0.44008586,0.45867833,0.38368946,0.45948553,0.5158147,0.61932343,0.5717979,0.4761451,0.5368979,0.49674347,0.31240654,0.37710762,0.6860766,0.50991815,0.4380025,0.44009846,0.52873665,0.6331405,0.6680898,0.6048025,0.487333,0.6534923,0.6866192,0.6409053,0.46107495
0.5659773,0.48427212,0.38148156,0.36907724,0.58763695,0.4936665,0.57730585,0.45035207,0.57546073,0.61228347,0.5125041,0.54734045,0.6096624,0.6394905,0.5343979,0.6087326,0.6431072,0.60616606,0.4564967,0.38226697,0.43070072,0.5356299,0.5878421,0.39371812,0.48132432,0.4962568,0.3456832,0.16747111,0.39570352,0.46736977,0.31199086,0.31598657,0.42181385,0.55164576,0.4856369,0.38638347,0.39229926,0.41065642,0.2979509,0.49757427,0.4249923,0.40145943,0.3844628,0.2535805,0.36332563,0.42590776,0.47315195,0.41021016,0.41069523,0.36714244,0.5154493,0.5640143,0.60156,0.6418735,0.571284,0.6739604,0.5214626,0.5268878,0.64861536,0.4841701,0.4975784,0.6511907,0.6533427,0.74680245,0.515394
0.32761794,0.32541084,0.49353868,0.32603174,0.45035553,0.6323922,0.6066487,0.5620118,0.41255516,0.420898,0.5822527,0.50070584,0.7444884,0.64526445,0.5456485,0.41877648,0.47833678,0.5236137,0.5369263,0.4968185,0.36943024,0.36127487,0.42851305,0.35343644,0.3387505,0.49146652,0.50722,0.2564308,0.4425948,0.43428043,0.20446476,0.26189893,0.24927081,0.47400376,0.45146897,0.39159805,0.48974967,0.5229077,0.48578924,0.5126745,0.42529723,0.31154838,0.18487109,0.2928893,0.35255876,0.39882585,0.48962235,0.4938815,0.4891857,0.25534877,0.3778912,0.4968437,0.48023987,0.61442226,0.5512591,0.5545946,0.4413471,0.5409882,0.6182876,0.4782281,0.6308446,0.5399432,0.5363177,0.71773183,0.5522043
0.5092844,0.42180356,0.4777328,0.3456766,0.46548352,0.48261517,0.6603362,0.4772459,0.49909705,0.3713936,0.5707028,0.521594,0.5849471,0.43534726,0.41143084,0.58310246,0.6950255,0.62582004,0.6218214,0.6451403,0.5165281,0.46665075,0.36046466,0.3340048,0.48801455,0.41723618,0.46720523,0.3384309,0.3733782,0.41665256,0.39390218,0.18724129,0.27555576,0.3547967,0.30840412,0.480505,0.45349628,0.49438134,0.3824766,0.4619978,0.34226692,0.21144111,0.35424623,0.3158064,0.38906938,0.31577516,0.2554833,0.36709762,0.34399614,0.18232474,0.29182836,0.25706977,0.37823126,0.6069061,0.6622139,0.61857533,0.49515226,0.37970144,0.45370135,0.55436504,0.6224043,0.6418707,0.58889,0.7689157,0.5826689
0.5133324,0.4713896,0.47773477,0.5619304,0.46072045,0.65165174,0.6332956,0.39333922,0.3706398,0.5224391,0.49739888,0.39896363,0.33646068,0.57591796,0.5814267,0.4041209,0.5007343,0.55011916,0.7249034,0.6045007,0.6073317,0.59932727,0.44663993,0.4209572,0.57466066,0.5126487,0.34733588,0.39242473,0.2766155,0.40164083,0.5187761,0.31334335,0.22501782,0.29794282,0.47611997,0.45471317,0.32133892,0.24076031,0.40508375,0.4885907,0.33643118,0.41104394,0.4185233,0.31042957,0.36584014,0.28242502,0.17585906,0.21350884,0.18714766,0.27155986,0.26116386,0.25755408,0.40173212,0.4021486,0.63372445,0.5797237,0.5906802,0.60875154,0.4724726,0.530447,0.6432465,0.60471433,0.54304296,0.6361329,0.6855953
0.41537336,0.4742621,0.32919124,0.45466426,0.45246258,0.46993217,0.51840204,0.35154825,0.4035145,0.59372246,0.53006077,0.56680065,0.36210817,0.4922303,0.4814925,0.36910683,0.52896804,0.37295878,0.5017127,0.6535454,0.42347118,0.42990357,0.4788748,0.29363838,0.4946549,0.4604203,0.35140508,0.2465771,0.3555778,0.5241732,0.4108858,0.26478207,0.51005566,0.48589802,0.425177,0.2980681,0.42204845,0.2833663,0.32976267,0.47593856,0.47752452,0.47913674,0.37105718,0.32671338,0.49835795,0.53370106,0.483153,0.35748363,0.34159917,0.45782202,0.32076243,0.4733605,0.44149154,0.54629374,0.5506922,0.6755415,0.6653076,0.54408485,0.75784916,0.6074628,0.6347144,0.5826013,0.46219224,0.4861,0.4391372
0.4563553,0.4989074,0.4147016,0.46067056,0.46413156,0.5226726,0.59912306,0.46027386,0.39526656,0.42458743,0.5597471,0.39660767,0.38054258,0.3620903,0.50050265,0.33709586,0.31638426,0.3353281,0.46156684,0.4818868,0.38800725,0.44774017,0.35062113,0.35750172,0.42293206,0.22438103,0.42442483,0.2815503,0.3434296,0.42156905,0.4901314,0.32893145,0.34489286,0.55758995,0.44193217,0.3448129,0.5132895,0.26844695,0.23880151,0.386979,0.38166317,0.37500525,0.5806469,0.5063601,0.4264182,0.402491,0.40560585,0.29280323,0.4246261,0.44529295,0.5729045,0.587438,0.61555785,0.43543166,0.3685816,0.42893124,0.5165551,0.5984189,0.78423095,0.73084724,0.62331396,0.7447172,0.5261525,0.56163615,0.60015386
0.3258595,0.4153754,0.2923378,0.34036455,0.4163147,0.5297475,0.4692993,0.59807587,0.52826715,0.3219044,0.5559804,0.46612832,0.35993013,0.22578451,0.30569842,0.20885363,0.26243883,0.23169766,0.38987502,0.28042513,0.43025577,0.25458845,0.3935805,0.2468713,0.26223063,0.32370415,0.3613576,0.50889,0.43677643,0.42668465,0.57732797,0.43729857,0.37549803,0.385005,0.4150872,0.4280745,0.49575794,0.3853357,0.29407895,0.38403508,0.5714173,0.50866044,0.553327,0.5449277,0.5652617,0.45839956,0.41275662,0.28227407,0.56482947,0.44036752,0.48490134,0.4458959,0.5056235,0.587778,0.42248857,0.58541644,0.48268127,0.71093917,0.672188,0.86218494,0.74395597,0.6732614,0.68471134,0.6160493,0.58418304
0.3976495,0.2373246,0.4122934,0.3816307,0.2782508,0.43278366,0.6488619,0.559306,0.52063364,0.38796625,0.36930948,0.3145186,0.50694835,0.39383093,0.22617126,0.20561434,0.17046897,0.3282354,0.31712806,0.39728662,0.26367465,0.3318038,0.28328025,0.36433265,0.33187312,0.46258578,0.40666643,0.5109392,0.37224728,0.3361119,0.26284814,0.35184678,0.20602815,0.2946231,0.3163855,0.28994927,0.4431789,0.39354694,0.2783002,0.3542972,0.65377486,0.66293406,0.51449656,0.36277175,0.56775475,0.47639635,0.42580205,0.32562745,0.3550616,0.58462816,0.5483733,0.47629815,0.61933583,0.46571183,0.2878473,0.4730637,0.6385445,0.5906478,0.76243097,0.69214976,0.7461598,0.5711911,0.72495514,0.4966782,0.6461066
0.22469158,0.06344247,0.16884704,0.43523258,0.5076373,0.3294743,0.50508875,0.4595451,0.43795583,0.33199474,0.39682508,0.23261812,0.44873667,0.48304278,0.39856446,0.19700542,0.40959576,0.34011337,0.5523452,0.35810915,0.4133857,0.42498097,0.4750611,0.38308266,0.39933857,0.36949205,0.48431605,0.658626,0.45427665,0.5267319,0.33644316,0.27206334,0.38358018,0.30453432,0.4911769,0.3892041,0.33100173,0.44576082,0.3668999,0.24838947,0.44895443,0.62682474,0.545654,0.3861973,0.3947325,0.39871103,0.46649146,0.5090788,0.48149505,0.48515508,0.5213299,0.63550204,0.6201989,0.6625585,0.42523405,0.38991106,0.53231436,0.586951,0.58520687,0.70432997,0.616263,0.5809495,0.6456963,0.620126,0.59061474
0.22842072,0.026336128,0.1040475,0.17789276,0.2369792,0.33157808,0.39989185,0.3155128,0.48407245,0.24505351,0.19251864,0.4068871,0.54842335,0.47123158,0.3994129,0.20952228,0.2720439,0.55754954,0.3874257,0.4289802,0.6281992,0.6297607,0.57856953,0.42736664,0.3901806,0.4169548,0.5691562,0.550475,0.39500037,0.42898268,0.38761497,0.34868827,0.25960195,0.3324952,0.3756464,0.38389716,0.503156,0.37409166,0.23432243,0.2718103,0.31262967,0.35256076,0.5764409,0.34351352,0.33578125,0.5636826,0.42043507,0.41048673,0.5056824,0.36876538,0.5100257,0.63676083,0.50124854,0.63551086,0.5527353,0.53988767,0.40589914,0.5980728,0.51766616,0.75462127,0.78119624,0.68603504,0.5512561,0.7052999,0.44712198
0.16518137,0.21054198,0.18327609,0.08294792,0.21260779,0.08522091,0.21103972,0.34129184,0.40330192,0.44526556,0.30838424,0.5148002,0.39545873,0.3522496,0.3016417,0.31502688,0.27149916,0.35469323,0.4079691,0.56486017,0.55226463,0.33383182,0.47876573,0.3533027,0.46073747,0.43616208,0.32984275,0.3338232,0.37738368,0.32812822,0.45289448,0.39868027,0.39615142,0.38256305,0.4270106,0.325045,0.33996218,0.4145242,0.31101385,0.33836564,0.5290701,0.521467,0.47137326,0.5362226,0.51736087,0.60216993,0.42233706,0.48462346,0.49639454,0.5757409,0.57308817,0.4931688,0.5637806,0.5461481,0.67309505,0.6240119,0.57633424,0.53226614,0.6574217,0.8039762,0.6516302,0.49731228,0.5540076,0.6606954,0.43753535
0.14147717,0.080839485,0.28891087,0.14664379,0.21566872,0.08550121,0.100571565,0.3790262,0.39709625,0.18856314,0.4710272,0.43895224,0.41854873,0.3237347,0.24317275,0.31905627,0.3249529,0.42541316,0.2568868,0.47641096,0.34921005,0.27448928,0.3369191,0.5097673,0.5556519,0.45483163,0.39115635,0.40542564,0.4272757,0.34653038,0.50088423,0.3524679,0.4434275,0.55765057,0.42927408,0.4822374,0.30701172,0.47772586,0.4446856,0.29090732,0.3958965,0.47293,0.557023,0.4750814,0.3910333,0.48413783,0.31331804,0.5719049,0.37380922,0.41596135,0.6351353,0.59452415,0.51473993,0.45829457,0.60021156,0.4281983,0.4539259,0.56501925,0.6354862,0.58163935,0.6063107,0.58647454,0.68137187,0.549833,0.36918944
0.11476142,0.042243477,0.23859674,0.3149758,0.3340059,0.18677059,0.21325444,0.2965464,0.16229609,0.30999917,0.3158364,0.2719128,0.22418717,0.19339131,0.4275287,0.27234656,0.28116962,0.2702255,0.34064487,0.37984252,0.3425563,0.40032157,0.33463755,0.5726892,0.49344522,0.5134564,0.40478545,0.5054328,0.39453685,0.39188096,0.24957845,0.37696004,0.4489389,0.2730138,0.39406523,0.5915835,0.4327588,0.51102215,0.360848,0.34956986,0.39616618,0.27185678,0.31135818,0.45403698,0.28109786,0.26461846,0.39071408,0.6109051,0.46029133,0.2735689,0.38398802,0.580127,0.4868702,0.4366623,0.52343243,0.4114737,0.4174683,0.5615027,0.41578612,0.64302284,0.56876606,0.42406777,0.5037001,0.48056749,0.388241
0.113791354,0.2848687,0.20380853,0.31606686,0.2672837,0.42583692,0.32539392,0.12155707,0.041232765,0.31143945,0.15589066,0.37245312,0.39297011,0.338599,0.3607286,0.26986617,0.080203295,0.18200746,0.3272628,0.17476557,0.31295514,0.26801494,0.49191606,0.36402923,0.28251466,0.33051446,0.25813496,0.3732349,0.3357817,0.29641107,0.35001838,0.3249602,0.31126466,0.2890718,0.2952608,0.44602454,0.41859043,0.35125998,0.32186323,0.4481333,0.35184786,0.16089578,0.13762254,0.1313373,0.28856015,0.17936285,0.37991038,0.4328732,0.28952432,0.4454109,0.40567672,0.36257234,0.4782421,0.63620496,0.70597994,0.5889791,0.5105414,0.2941408,0.30818987,0.42869988,0.5579559,0.49703863,0.5075498,0.5598293,0.47478077
0.18321002,0.09329522,0.08652917,0.26737398,0.36633623,0.42462373,0.15411331,0.15303196,0.02907266,0.15282138,0.13305429,0.19341506,0.30224562,0.3156972,0.27535984,0.11954062,0.09722074,0.11853475,0.11465879,0.15675335,0.40910548,0.35548702,0.41990808,0.2803539,0.5036982,0.56847054,0.5015907,0.22981714,0.2838961,0.25936085,0.27335817,0.3334577,0.24629463,0.37612414,0.50796735,0.4972879,0.39388523,0.32372722,0.46123084,0.33298805,0.3920675,0.27105188,0.16810408,0.2231297,0.12788926,0.10211705,0.21496382,0.2592416,0.37554038,0.3585151,0.4524533,0.45114484,0.6192264,0.6808504,0.50594646,0.43004215,0.49495676,0.2564211,0.4543497,0.38270846,0.41702655,0.34933096,0.45016938,0.4990015,0.3420185
0.30258808,0.28411558,0.32199982,0.35852343,0.19003302,0.16930303,0.18787542,0.25381833,0.10259719,0.21851681,0.34803838,0.26582095,0.3767887,0.220117,0.12890318,0.321041,0.19868356,0.24497162,0.05503648,0.28120834,0.24334678,0.30418876,0.17808957,0.26116285,0.35041946,0.5548402,0.43828744,0.3758399,0.32007468,0.19452284,0.19177237,0.32153454,0.26206923,0.25384933,0.34853902,0.53680587,0.23896827,0.2543752,0.17815535,0.21965633,0.097206846,0.08655696,0.10953371,0.0,0.08213184,0.17315222,0.22680321,0.47275335,0.2753904,0.34941328,0.61061966,0.590443,0.6941162,0.5484883,0.6895482,0.5620398,0.5630813,0.380534,0.5784278,0.58795685,0.5652551,0.5018301,0.30995536,0.36170003,0.3303232
0.17170839,0.18145746,0.09756891,0.2549004,0.31047708,0.45531422,0.31681314,0.2049673,0.2056057,0.17161599,0.20139097,0.29842737,0.16206725,0.18839821,0.15080221,0.22903353,0.20408979,0.034793302,0.089562975,0.20606644,0.18380845,0.38182375,0.22398108,0.19810227,0.3768863,0.38508347,0.4640614,0.3930624,0.36794528,0.28957734,0.17764531,0.40490806,0.14873458,0.21684709,0.42074493,0.5305214,0.39324722,0.4511402,0.2545153,0.06254342,0.25427398,0.15226303,0.12389534,0.03899958,0.18882939,0.34771985,0.3503115,0.21276419,0.32506606,0.55425256,0.5879689,0.42200625,0.5929863,0.46960202,0.5583626,0.4153202,0.5519365,0.4062724,0.3818816,0.36457425,0.54887736,0.49058408,0.55443925,0.37697443,0.4297176
0.25105152,0.12823512,0.02877714,0.17619193,0.34558523,0.42220294,0.18219604,0.22193776,0.30394262,0.120630294,0.3209589,0.14898512,0.16777122,0.3478696,0.31559828,0.25468144,0.07866197,0.1051988,0.35053596,0.25148866,0.3304841,0.33567145,0.2768864,0.48860914,0.34171957,0.60761,0.32513136,0.2345893,0.40535408,0.17216453,0.27685186,0.33552536,0.3935057,0.27219325,0.33756462,0.4710281,0.29439107,0.3120601,0.042782646,0.071108565,0.2618775,0.23919642,0.23732916,0.23618682,0.09915074,0.14747122,0.28965002,0.1913416,0.37258166,0.40583238,0.5361811,0.5212414,0.52759904,0.5932447,0.54428554,0.50717205,0.55449736,0.43038845,0.5129493,0.5559282,0.41108805,0.36595047,0.40363032,0.642954,0.45144594
0.13523248,0.19099784,0.27627003,0.2700145,0.2490196,0.23921305,0.23923634,0.29761788,0.31795284,0.28695336,0.3944262,0.26356718,0.330167,0.17353979,0.11922351,0.12094524,0.10578224,0.23520651,0.35638624,0.42624742,0.28518274,0.24221268,0.38655254,0.2576132,0.53007823,0.5561285,0.43562877,0.17557222,0.23030804,0.17534254,0.19186313,0.40970066,0.31438512,0.25045612,0.21300833,0.2828032,0.31151506,0.21683608,0.14302512,0.24348727,0.23068874,0.41934735,0.2551637,0.21139058,0.34790257,0.12113356,0.22853318,0.28649068,0.3541068,0.35144567,0.47785816,0.60755044,0.47565645,0.6607297,0.56829834,0.43896478,0.5678152,0.65047246,0.5110704,0.4505876,0.4497193,0.42626163,0.42163095,0.4670538,0.5879462
0.106201954,0.20943846,0.1456306,0.165719,0.0774252,0.15351832,0.4279525,0.3969912,0.2684848,0.2217646,0.40843934,0.41232646,0.23596151,0.2538362,0.3504114,0.14265084,0.24022861,0.15535627,0.327886,0.3795689,0.2986775,0.26115307,0.31323284,0.23517816,0.4977517,0.30098414,0.31197637,0.32195547,0.22250374,0.40923858,0.18678366,0.31908882,0.25826323,0.24998242,0.14019288,0.13649455,0.24729976,0.13229585,0.30769008,0.14213355,0.3641686,0.39645466,0.4026022,0.23809157,0.15367417,0.1047308,0.073416755,0.37528554,0.3632543,0.49795544,0.613319,0.5867631,0.6255455,0.48274514,0.36794594,0.50712,0.41475782,0.5734594,0.4822601,0.50881183,0.29906344,0.44756648,0.3396478,0.43609953,0.5297979
0.29768348,0.4642214,0.39457002,0.3026953,0.18147342,0.1829287,0.34019026,0.44768423,0.39678434,0.3234096,0.21858627,0.15814872,0.19601668,0.22709873,0.33540937,0.38866085,0.3510196,0.37167174,0.24508694,0.22611347,0.22337787,0.353136,0.23728321,0.2666482,0.34873146,0.29375222,0.19360219,0.4228894,0.30393127,0.43549523,0.36266264,0.4499271,0.2537908,0.1127972,0.12333766,0.08025696,0.27464253,0.19384702,0.29467803,0.37883213,0.2315803,0.4676054,0.3114302,0.2794154,0.23361082,0.28637323,0.15361196,0.28023297,0.2997921,0.5688547,0.5581397,0.6742798,0.5949237,0.5507939,0.52370024,0.45128256,0.35871673,0.51835483,0.46289262,0.38058683,0.36324167,0.42116725,0.5123515,0.67055094,0.5426968
0.3356637,0.36956042,0.16241468,0.14596075,0.054320246,0.13107114,0.33349803,0.5237549,0.2820926,0.31293952,0.37439537,0.33871615,0.32044783,0.4198323,0.5061339,0.4632843,0.49208626,0.14142355,0.3378782,0.21397355,0.24697559,0.18572067,0.29904395,0.36258388,0.4474711,0.26066902,0.082205206,0.3109843,0.2561424,0.38245407,0.4771933,0.32635897,0.30599654,0.277778,0.18063349,0.17574337,0.14800495,0.32280385,0.19642968,0.41338152,0.32834554,0.3404353,0.28307065,0.1966857,0.3983777,0.3347263,0.12573518,0.32085347,0.2542377,0.5561761,0.6077973,0.53559875,0.5317984,0.34909314,0.50672245,0.56935555,0.47617197,0.416971,0.4772214,0.48346886,0.29387566,0.46767545,0.49347648,0.6088461,0.65193886
0.2945886,0.35028854,0.18858214,0.011809382,0.14961457,0.28282905,0.38063994,0.43866068,0.4921423,0.46881524,0.4368903,0.4819767,0.27973434,0.30532458,0.38741127,0.4834587,0.43923044,0.23654084,0.16123444,0.13072915,0.10596509,0.18732548,0.1268012,0.042256646,0.23388888,0.30036718,0.113167286,0.10511636,0.3993851,0.25642487,0.36241934,0.3951141,0.2516717,0.20401713,0.27986792,0.2614003,0.31983748,0.27304915,0.38855433,0.553862,0.47168612,0.4730266,0.34255388,0.37016532,0.1972368,0.32868907,0.20805192,0.5039765,0.46957174,0.51997423,0.59655446,0.47897214,0.53769,0.5771739,0.36487848,0.38193876,0.3986971,0.38076803,0.41782513,0.29983228,0.23858914,0.3918947,0.31813446,0.550566,0.446116
0.3164952,0.19554804,0.30648214,0.115396775,0.17325358,0.21954857,0.31800035,0.39124244,0.47332877,0.28494763,0.35687155,0.40666613,0.20586373,0.2705087,0.21550576,0.38266787,0.4249707,0.19468567,0.078415036,0.0423919,0.22092773,0.053291515,0.071384616,0.028775474,0.1479589,0.09675448,0.0032934195,0.10168995,0.3877347,0.30531842,0.2516859,0.3515288,0.29885426,0.0877891,0.049034923,0.28597692,0.1722486,0.17122656,0.21140054,0.36976042,0.4835033,0.28490868,0.48797366,0.47003767,0.25021547,0.23603846,0.40789917,0.38178974,0.46385095,0.49869606,0.6154463,0.46819285,0.66421527,0.42000246,0.5910553,0.52348727,0.31469822,0.53156596,0.52470076,0.30327588,0.17786229,0.21625637,0.3725164,0.31700802,0.29023677
0.18566109,0.07627014,0.31601113,0.23851788,0.2497575,0.26065376,0.4192276,0.3944937,0.38357317,0.31916097,0.16492578,0.39150235,0.14730068,0.25497347,0.15940717,0.13504903,0.32108334,0.22491458,0.2917267,0.2843107,0.10412358,0.2211715,0.124058574,0.23113833,0.19579251,0.26275447,0.1644683,0.12996383,0.19616859,0.30539307,0.3618162,0.42568645,0.17595145,0.061638243,0.09024111,0.14421614,0.18988536,0.15648665,0.16130054,0.15470526,0.36952513,0.26578492,0.43848288,0.23929201,0.27754906,0.27796814,0.2319193,0.32003132,0.47075662,0.41048682,0.6950327,0.72986996,0.61240304,0.64247656,0.5493069,0.54834735,0.42118806,0.4470325,0.5036657,0.42844388,0.2928891,0.24568386,0.28634664,0.2655644,0.48467356
